ID,SyntacticCategory,FeatureName,OriginalName,FeatureValues,OriginalValues,ColumnWidth,FeatureExamples,OriginalExamples,NumberOfOriginalValues,HideFeature
1,1,"Number","Number","Singular/S|Dual/D|Trial/T|Quadrial/Q|Paucal/p|Plural/P|","Singular/S|Dual/D|Trial/T|Quadrial/Q|Paucal/p|Plural/P|",60,"||||","||||","5",0
2,1,"Participant Tracking","Participant Tracking","First Mention/I|Routine/D|Integration/i|Exiting/E|Restaging/R|Offstage/O|Generic/G|Interrogative/Q|Frame Inferable/F|","First Mention/I|Routine/D|Integration/i|Exiting/E|Restaging/R|Offstage/O|Generic/G|Interrogative/Q|Frame Inferable/F|",110,"<BLD>A<> book is on the table.|<BLD>The<> book is on the table.|||||God created <BLD>men and women<>.|<BLD>Which book<> did John read?|I bought a car.  <BLD>The steering wheel<> was broken.|","<BLD>A<> book is on the table.|<BLD>The<> book is on the table.|||||God created <BLD>men and women<>.|<BLD>Which book<> did John read?|I bought a car.  <BLD>The steering wheel<> was broken.|","9",0
3,1,"Polarity","Polarity","Affirmative/A|Negative/N|","Affirmative/A|Negative/N|",70,"<BLD>A man<> hunted a bear.|<BLD>No man<> has seen God.|","<BLD>A man<> hunted a bear.|<BLD>No man<> has seen God.|","2",0
4,1,"Proximity","Proximity","Not Applicable/n|Near Speaker and Listener/N|Near Speaker/S|Near Listener/L|Remote within Sight/R|Remote out of Sight/r|Temporally Near/T|Temporally Remote/t|Contextually Near with Focus/C|Contextually Near/c|","Not Applicable/n|Near Speaker and Listener/N|Near Speaker/S|Near Listener/L|Remote within Sight/R|Remote out of Sight/r|Temporally Near/T|Temporally Remote/t|Contextually Near with Focus/C|Contextually Near/c|",154,,,"6",0
5,1,"Future Expansion","Future Expansion","Unspecified/K|","Unspecified/K|",0,,,"0",1
9,1,"Spare 1","Spare 1","Unspecified/.|","Unspecified/.|",0,,,"0",1
10,1,"Spare 2","Spare 2","Unspecified/.|","Unspecified/.|",0,,,"0",1
11,1,"Spare 3","Spare 3","Unspecified/.|","Unspecified/.|",0,,,"0",1
12,1,"Spare 4","Spare 4","Unspecified/.|","Unspecified/.|",0,,,"0",1
13,1,"Spare 5","Spare 5","Unspecified/.|","Unspecified/.|",0,,,"0",1
14,1,"Spare 6","Spare 6","Unspecified/.|","Unspecified/.|",0,,,"0",1
15,1,"Spare 7","Spare 7","Unspecified/.|","Unspecified/.|",0,,,"0",1
16,1,"Spare 8","Spare 8","Unspecified/.|","Unspecified/.|",0,,,"0",1
17,2,"Time","Time","Present/P|Immediate Past/D|Earlier Today/A|Yesterday/a|2 Days Ago/b|3 Days Ago/c|A Week Ago/d|A Month Ago/e|A Year Ago/f|During Speaker's Lifetime/g|Historic Past/h|Eternity Past/i|Unknown Past/q|Discourse/r|Immediate Future/E|Later Today/F|Tomorrow/j|2 Days from Now/k|3 Days from Now/l|A Week from Now/m|A Month from Now/n|A Year from Now/o|Unknown Future/p|Timeless/T|","Present/P|Immediate Past/D|Earlier Today/A|Yesterday/a|2 Days Ago/b|3 Days Ago/c|A Week Ago/d|A Month Ago/e|A Year Ago/f|During Speaker's Lifetime/g|Historic Past/h|Eternity Past/i|Unknown Past/q|Discourse/r|Immediate Future/E|Later Today/F|Tomorrow/j|2 Days from Now/k|3 Days from Now/l|A Week from Now/m|A Month from Now/n|A Year from Now/o|Unknown Future/p|Timeless/T|",130,"|||||||||||2 Timothy 1:9b  ""This grace <BLD>was given<> to us in Christ Jesus before the beginning of time.""|||||||||","|||||||||||2 Timothy 1:9b  ""This grace <BLD>was given<> to us in Christ Jesus before the beginning of time.""|||||||||","22",0
18,2,"Aspect","Aspect","Inceptive/N|Completive/C|Cessative/c|Continuative/o|Imperfective/I|Routinely/R|Habitual/H|Gnomic/G|Unmarked/U|","Inceptive/N|Completive/C|Cessative/c|Continuative/o|Imperfective/I|Routinely/R|Habitual/H|Gnomic/G|Unmarked/U|",90,"emphasizes the beginning of the action - 'John started walking.'|emphasizes the completion of the action - 'John finished walking.'|emphasizes the termination of the action - 'John stopped walking.'|emphasizes the continuation of the action - 'John continued walking.'|emphasizes that the action is ongoing (only used in direct quotes) - 'John is sleeping.'|the action is performed routinely (without emphasis) - 'John walks to work.'|the action is performed regularly (with emphasis) - 'John regularly walks to work.'|the action is always true - 'Oil floats on water.'|","emphasizes the beginning of the action - 'John started walking.'|emphasizes the completion of the action - 'John finished walking.'|emphasizes the termination of the action - 'John stopped walking.'|emphasizes the continuation of the action - 'John continued walking.'|emphasizes that the action is ongoing (only used in direct quotes) - 'John is sleeping.'|the action is performed routinely (without emphasis) - 'John walks to work.'|the action is performed regularly (with emphasis) - 'John regularly walks to work.'|the action is always true - 'Oil floats on water.'|","8",0
19,2,"Mood","Mood","Indicative/I|Definite Potential/a|Probable Potential/b|'might' Potential/c|'might not' Potential/j|Unlikely Potential/d|Impossible Potential/e|'must' Obligation/f|'should' Obligation/g|'should not' Obligation/h|Forbidden Obligation/i|'may' (permissive)/l|","Indicative/I|Definite Potential/a|Probable Potential/b|'might' Potential/c|'might not' Potential/j|Unlikely Potential/d|Impossible Potential/e|'must' Obligation/f|'should' Obligation/g|'should not' Obligation/h|Forbidden Obligation/i|'may' (permissive)/l|",120,,,"12",0
20,2,"Reflexivity","Reflexivity","Not Applicable/N|Reciprocal/R|Reflexive/r|","Not Applicable/N|Reciprocal/R|Reflexive/r|",90,"|They saw one another.|","|They saw one another.|","2",0
21,2,"Polarity","Polarity","Affirmative/A|Negative/N|Emphatic Affirmative/E|Emphatic Negative/e|","Affirmative/A|Negative/N|Emphatic Affirmative/E|Emphatic Negative/e|",110,,,"4",0
26,2,"Spare 1","Spare 1","Unspecified/.|","Unspecified/.|",0,,,"0",1
27,2,"Spare 2","Spare 2","Unspecified/.|","Unspecified/.|",0,,,"0",1
28,2,"Spare 3","Spare 3","Unspecified/.|","Unspecified/.|",0,,,"0",1
29,2,"Spare 4","Spare 4","Unspecified/.|","Unspecified/.|",0,,,"0",1
30,2,"Spare 5","Spare 5","Unspecified/.|","Unspecified/.|",0,,,"0",1
31,2,"Spare 6","Spare 6","Unspecified/.|","Unspecified/.|",0,,,"0",1
33,2,"Spare 8","Spare 8","Unspecified/.|","Unspecified/.|",0,,,"0",1
35,3,"Spare 1","Spare 1","Unspecified/.|","Unspecified/.|",0,,,"0",1
36,3,"Spare 2","Spare 2","Unspecified/.|","Unspecified/.|",0,,,"0",1
37,3,"Spare 3","Spare 3","Unspecified/.|","Unspecified/.|",0,,,"0",1
38,3,"Spare 4","Spare 4","Unspecified/.|","Unspecified/.|",0,,,"0",1
39,3,"Spare 5","Spare 5","Unspecified/.|","Unspecified/.|",0,,,"0",1
40,4,"Degree","Degree","No Degree/N|Comparative/C|Superlative/S|Intensified/V|Extremely Intensified/E|'too'/T|'less'/L|'least'/l|","No Degree/N|Comparative/C|Superlative/S|Intensified/V|Extremely Intensified/E|'too'/T|'less'/L|'least'/l|",110,"He walked <BLD>quietly<>.|He walked <BLD>more<> quietly.|He walked <BLD>most<> quietly.|He walked <BLD>very<> quietly.|He walked <BLD>extremely<> quietly.|He walked <BLD>too<> quietly.|He walked <BLD>less quickly<> than Mary.|He walked the <BLD>least<> quickly.|","He walked <BLD>quietly<>.|He walked <BLD>more<> quietly.|He walked <BLD>most<> quietly.|He walked <BLD>very<> quietly.|He walked <BLD>extremely<> quietly.|He walked <BLD>too<> quietly.|He walked <BLD>less quickly<> than Mary.|He walked the <BLD>least<> quickly.|","8",0
41,4,"Spare 1","Spare 1","Unspecified/.|","Unspecified/.|",0,,,"0",1
42,4,"Spare 2","Spare 2","Unspecified/.|","Unspecified/.|",0,,,"0",1
43,4,"Spare 3","Spare 3","Unspecified/.|","Unspecified/.|",0,,,"0",1
44,4,"Spare 4","Spare 4","Unspecified/.|","Unspecified/.|",0,,,"0",1
45,4,"Spare 5","Spare 5","Unspecified/.|","Unspecified/.|",0,,,"0",1
46,5,"Spare 1","Spare 1","Unspecified/.|","Unspecified/.|",0,,,"0",1
47,5,"Spare 2","Spare 2","Unspecified/.|","Unspecified/.|",0,,,"0",1
48,5,"Spare 3","Spare 3","Unspecified/.|","Unspecified/.|",0,,,"0",1
49,5,"Spare 4","Spare 4","Unspecified/.|","Unspecified/.|",0,,,"0",1
50,5,"Spare 5","Spare 5","Unspecified/.|","Unspecified/.|",0,,,"0",1
52,6,"Spare 2","Spare 2","Unspecified/.|","Unspecified/.|",0,,,"0",1
53,6,"Spare 3","Spare 3","Unspecified/.|","Unspecified/.|",0,,,"0",1
54,6,"Spare 4","Spare 4","Unspecified/.|","Unspecified/.|",0,,,"0",1
55,6,"Spare 5","Spare 5","Unspecified/.|","Unspecified/.|",0,,,"0",1
56,7,"Spare 1","Spare 1","Unspecified/.|","Unspecified/.|",0,,,"0",1
57,7,"Spare 2","Spare 2","Unspecified/.|","Unspecified/.|",0,,,"0",1
58,7,"Spare 3","Spare 3","Unspecified/.|","Unspecified/.|",0,,,"0",1
59,7,"Spare 4","Spare 4","Unspecified/.|","Unspecified/.|",0,,,"0",1
60,7,"Spare 5","Spare 5","Unspecified/.|","Unspecified/.|",0,,,"0",1
61,8,"Spare 1","Spare 1","Unspecified/.|","Unspecified/.|",0,,,"0",1
62,8,"Spare 2","Spare 2","Unspecified/.|","Unspecified/.|",0,,,"0",1
63,8,"Spare 3","Spare 3","Unspecified/.|","Unspecified/.|",0,,,"0",1
64,8,"Spare 4","Spare 4","Unspecified/.|","Unspecified/.|",0,,,"0",1
65,8,"Spare 5","Spare 5","Unspecified/.|","Unspecified/.|",0,,,"0",1
66,101,"Sequence","Sequence","Not in a Sequence/S|First Coordinate/F|Last Coordinate/L|Coordinate/C|","Not in a Sequence/S|First Coordinate/F|Last Coordinate/L|Coordinate/C|",100,"<BLD>Jack<> went to town.|<BLD>Jack<> and Jill went to town.|Jack, John, <BLD>and Jill<> went to town.|Jack, <BLD>Jill<>, and John went to town.|","<BLD>Jack<> went to town.|<BLD>Jack<> and Jill went to town.|Jack, John, <BLD>and Jill<> went to town.|Jack, <BLD>Jill<>, and John went to town.|","4",0
67,101,"Semantic Role","Semantic Role","Most Agent-like/A|Most Patient-like/P|State/S|Source/s|Destination/d|Instrument/I|Addressee/D|Beneficiary/B|Not Applicable/N|","Most Agent-like/A|Most Patient-like/P|State/S|Source/s|Destination/d|Instrument/I|Addressee/D|Beneficiary/B|Not Applicable/N|",142,"<BLD>Jack<> ate lunch.|Jack kicked <BLD>the ball<>.|Jack is <BLD>in Africa<>.|Jack received the ball <BLD>from Jim<>.|Jack gave the ball <BLD>to Jim<>.|Jack cut the fish <BLD>with a knife<>.|<BLD>Mr. President<>, you said that …|John worked <BLD>for Jack<>.|","<BLD>Jack<> ate lunch.|Jack kicked <BLD>the ball<>.|Jack is <BLD>in Africa<>.|Jack received the ball <BLD>from Jim<>.|Jack gave the ball <BLD>to Jim<>.|Jack cut the fish <BLD>with a knife<>.|<BLD>Mr. President<>, you said that …|John worked <BLD>for Jack<>.|","9",0
68,101,"Implicit","Implicit","Not Applicable/N|Explanation of Name/G|Optional Agent of Passive/A|Implicit Argument/I|Implicit Phrase/P|Explain Metonymy/M|Implicit but Necessary/i|","Not Applicable/N|Explanation of Name/G|Optional Agent of Passive/A|Implicit Argument/I|Implicit Phrase/P|Explain Metonymy/M|Implicit but Necessary/i|",175,"|<BLD>a city named<> Susa, <BLD>a man named<> Jehoiakim|Jesus was crucified <BLD>by the soldiers<>.|Jesus walked <BLD>from Bethlehem<> to Jerusalem.|Jesus was preaching <BLD>on the Sabbath<> in a synagogue.|<BLD>The soldiers of<> Herod searched for the baby.  <BLD>The women of<> Bethlehem became excited.||","|<BLD>a city named<> Susa, <BLD>a man named<> Jehoiakim|Jesus was crucified <BLD>by the soldiers<>.|Jesus walked <BLD>from Bethlehem<> to Jerusalem.|Jesus was preaching <BLD>on the Sabbath<> in a synagogue.|<BLD>The soldiers of<> Herod searched for the baby.  <BLD>The women of<> Bethlehem became excited.|","7",0
70,101,"Relativized","Relativized","No/N|Yes/Y|","No/N|Yes/Y|",75,,,"2",0
72,101,"Spare 2","Spare 2","Unspecified/.|","Unspecified/.|",0,,,"0",1
73,101,"Spare 3","Spare 3","Unspecified/.|","Unspecified/.|",0,,,"0",1
74,101,"Spare 4","Spare 4","Unspecified/.|","Unspecified/.|",0,,,"0",1
75,101,"Spare 5","Spare 5","Unspecified/.|","Unspecified/.|",0,,,"0",1
76,101,"Spare 6","Spare 6","Unspecified/.|","Unspecified/.|",0,,,"0",1
79,102,"Sequence","Sequence","Not in a Sequence/S|First Coordinate/F|Last Coordinate/L|Coordinate/C|","Not in a Sequence/S|First Coordinate/F|Last Coordinate/L|Coordinate/C|",100,"|||||",,"4",0
81,102,"Spare 2","Spare 2","Unspecified/.|","Unspecified/.|",0,,,"0",1
82,102,"Spare 3","Spare 3","Unspecified/.|","Unspecified/.|",0,,,"0",1
83,102,"Spare 4","Spare 4","Unspecified/.|","Unspecified/.|",0,,,"0",1
84,102,"Spare 5","Spare 5","Unspecified/.|","Unspecified/.|",0,,,"0",1
85,103,"Sequence","Sequence","Not in a Sequence/S|First Coordinate/F|Last Coordinate/L|Coordinate/C|","Not in a Sequence/S|First Coordinate/F|Last Coordinate/L|Coordinate/C|",100,,,"4",0
88,103,"Spare 1","Spare 1","Unspecified/.|","Unspecified/.|",0,,,"0",1
89,103,"Spare 2","Spare 2","Unspecified/.|","Unspecified/.|",0,,,"0",1
90,103,"Spare 3","Spare 3","Unspecified/.|","Unspecified/.|",0,,,"0",1
91,103,"Spare 4","Spare 4","Unspecified/.|","Unspecified/.|",0,,,"0",1
92,104,"Sequence","Sequence","Not in a Sequence/S|First Coordinate/F|Last Coordinate/L|Coordinate/C|","Not in a Sequence/S|First Coordinate/F|Last Coordinate/L|Coordinate/C|",100,,,"4",0
94,104,"Spare 1","Spare 1","Unspecified/.|","Unspecified/.|",0,,,"0",1
95,104,"Spare 2","Spare 2","Unspecified/.|","Unspecified/.|",0,,,"0",1
96,104,"Spare 3","Spare 3","Unspecified/.|","Unspecified/.|",0,,,"0",1
97,104,"Spare 4","Spare 4","Unspecified/.|","Unspecified/.|",0,,,"0",1
98,105,"Type","Type","Independent/I|Coordinate Independent/C|Restrictive Thing Modifier (Relative Clause)/T|Descriptive Thing Modifier (Relative Clause)/t|Event Modifier (Adverbial Clause)/E|Agent (Subject Complement)/A|Patient (Object Complement)/P|Attributive Patient (Adjectival Object Complement)/p|Closing Quotation Frame/Q|","Independent/I|Coordinate Independent/C|Restrictive Thing Modifier (Relative Clause)/T|Descriptive Thing Modifier (Relative Clause)/t|Event Modifier (Adverbial Clause)/E|Agent (Subject Complement)/A|Patient (Object Complement)/P|Attributive Patient (Adjectival Object Complement)/p|Closing Quotation Frame/Q|",250,"I read a book.|I read a book <BLD>and I played the piano<> after I came home.|I read the book <BLD>that I bought yesterday<>.|My brother, <BLD>who is writing a book<>, ...|<BLD>Although he loves Debussy<>, he played Mozart.|It is clear to me <BLD>that he was here<>.|John knows <BLD>that they will be late<>.|John is ready <BLD>to walk<>.|John said, ""…"" said John.|","I read a book.|I read a book <BLD>and I played the piano<> after I came home.|I read the book <BLD>that I bought yesterday<>.|My brother, <BLD>who is writing a book<>, ...|<BLD>Although he loves Debussy<>, he played Mozart.|It is clear to me <BLD>that he was here<>.|John knows <BLD>that they will be late<>.|John is ready <BLD>to walk<>.|John said, ""…"" said John.|","8",0
99,105,"Illocutionary Force","Illocutionary Force","Declarative/D|Imperative/I|Content Interrogative/C|Yes-No Interrogative/Y|Suggestive 'let's'/S|Jussive/L|Imperative with emphasized Agent/i|","Declarative/D|Imperative/I|Content Interrogative/C|Yes-No Interrogative/Y|Suggestive 'let's'/S|Jussive/L|Imperative with emphasized Agent/i|",180,"|Read this.|Why did you do that?|Did you do that?|Let's go to the store.|Let there be light.  Let the earth produce plants.|You give them bread.|","|Read this.|Why did you do that?|Did you do that?|Let's go to the store.|Let there be light. Let the earth  produce plants.|","7",0
100,105,"Topic NP","Topic NP","Most Agent-like/p|Most Patient-like/P|","Most Agent-like/p|Most Patient-like/P|",102,,,"2",0
101,105,"Speaker","Speaker","Not Applicable/0|Adult Daughter/A|Adult Son/B|Angel/C|Animal/D|Boy/E|Brother/k|Crowd/F|Daughter/g|Demon/G|Disciple/H|Employee/I|Employer/J|Father/K|Girl/L|God/M|Government Leader/N|Government Official/O|Group of Friends/j|Holy Spirit/P|Husband/Q|Jesus/R|King/S|Man/T|Military Leader/U|Mother/V|Prophet/W|Queen/X|Religious Leader/Y|Satan/Z|Servant/f|Sister/l|Slave/a|Slave Owner/b|Soldier/c|Son/h|Wife/d|Woman/e|Written Material to General Audience (letter,law,etc.)/i|","Not Applicable/0|Adult Daughter/A|Adult Son/B|Angel/C|Animal/D|Boy/E|Brother/k|Crowd/F|Daughter/g|Demon/G|Disciple/H|Employee/I|Employer/J|Father/K|Girl/L|God/M|Government Leader/N|Government Official/O|Group of Friends/j|Holy Spirit/P|Husband/Q|Jesus/R|King/S|Man/T|Military Leader/U|Mother/V|Prophet/W|Queen/X|Religious Leader/Y|Satan/Z|Servant/f|Sister/l|Slave/a|Slave Owner/b|Soldier/c|Son/h|Wife/d|Woman/e|Written Material to General Audience (letter,law,etc.)/i|",256,"||||||||||||||||||||||||||||||||",,"62",1
104,105,"Speaker`s Age","Speaker`s Age","Not Applicable/N|Child (0-17)/A|Young Adult (18-24)/B|Adult (25-49)/C|Elder (50+)/D|","Not Applicable/N|Child (0-17)/A|Young Adult (18-24)/B|Adult (25-49)/C|Elder (50+)/D|",110,"|||||",,"5",1
105,105,"Speaker-Listener Age","Speaker-Listener Age","Not Applicable/N|Older - Different Generation/O|Older - Same Generation/o|Essentially the Same Age/S|Younger - Different Generation/Y|Younger - Same Generation/y|","Not Applicable/N|Older - Different Generation/O|Older - Same Generation/o|Essentially the Same Age/S|Younger - Different Generation/Y|Younger - Same Generation/y|",155,"|||||||||||||||||||||||||||||||||||||||||||||||||||||||||||||",,"0",1
106,105,"Speech Style","Speech Style","Not Applicable/N|","Not Applicable/N|",0,,,"0",1
107,105,"Discourse Genre","Discourse Genre","Climactic Narrative Story/N|Episodic Narrative Story/n|Narrative Prophecy/r|Expository/E|Behavioral Hortatory/H|Behavioral Eulogy/B|Procedural/P|Persuasive/R|Expressive/e|Descriptive/D|Epistolary/p|Dramatic Narrative/d|Dialog/G|Genealogy/g|","Climactic Narrative Story/N|Episodic Narrative Story/n|Narrative Prophecy/r|Expository/E|Behavioral Hortatory/H|Behavioral Eulogy/B|Procedural/P|Persuasive/R|Expressive/e|Descriptive/D|Epistolary/p|Dramatic Narrative/d|Dialog/G|Genealogy/g|",130,,,"13",0
108,105,"Notional Structure Schema","Notional Structure Schema","Not Applicable/N|Narrative-Exposition/E|Narrative-Inciting Incident/I|Narrative-Developing Conflict/d|Narrative-Climax/C|Narrative-Denouement/D|Narrative-Final Suspense/F|Narrative-Conclusion/c|Hortatory-Authority Establishment/A|Hortatory-Problem or Situation/P|Hortatory-Issuing of Commands/i|Hortatory-Motivation/M|Procedural-Problem or Need/p|Procedural-Preparatory Procedures/a|Procedural-Main Procedures/b|Procedural-Concluding Procedures/e|Persuasive-Problem or Question/f|Persuasive-Proposed Solution or Answer/g|Persuasive-Supporting Argumentation/h|Persuasive-Appeal/j|Expository-Problem or Situation/k|Expository-Solution or Answer/m|Expository-Supporting Argumentation/n|Expository-Evaluation of Solutions/o|","Not Applicable/N|Narrative-Exposition/E|Narrative-Inciting Incident/I|Narrative-Developing Conflict/d|Narrative-Climax/C|Narrative-Denouement/D|Narrative-Final Suspense/F|Narrative-Conclusion/c|Hortatory-Authority Establishment/A|Hortatory-Problem or Situation/P|Hortatory-Issuing of Commands/i|Hortatory-Motivation/M|Procedural-Problem or Need/p|Procedural-Preparatory Procedures/a|Procedural-Main Procedures/b|Procedural-Concluding Procedures/e|Persuasive-Problem or Question/f|Persuasive-Proposed Solution or Answer/g|Persuasive-Supporting Argumentation/h|Persuasive-Appeal/j|Expository-Problem or Situation/k|Expository-Solution or Answer/m|Expository-Supporting Argumentation/n|Expository-Evaluation of Solutions/o|",200,"Hwang handout 2-12-02.  Hwang. A Profile and discourse analysis of an English short story.  Hwang. Approaching a narrative: charting and chunking.",,"24",1
109,105,"Salience Band","Salience Band","Not Applicable/N|Pivotal Storyline/1|Primary Storyline/P|Secondary Storyline/2|Script Predictable Actions/S|Backgrounded Actions/B|Flashback/F|Setting/s|Irrealis/I|Author Intrusion/E|Cohesive Material/C|","Not Applicable/N|Pivotal Storyline/1|Primary Storyline/P|Secondary Storyline/2|Script Predictable Actions/S|Backgrounded Actions/B|Flashback/F|Setting/s|Irrealis/I|Author Intrusion/E|Cohesive Material/C|",130,"Longacre. TGOD. P. 28.  Longacre. 1990. Storyline Concerns and Word Order Typology.",,"11",0
110,105,"Sequence","Sequence","Not in a Sequence/N|First Coordinate/F|Last Coordinate/L|Coordinate/C|","Not in a Sequence/N|First Coordinate/F|Last Coordinate/L|Coordinate/C|",150,,,"4",0
111,105,"Location","Location","Not Applicable/N|First in Book/F|Last in Book/L|First in Paragraph/f|Last in Paragraph/l|Discourse Title/T|Parenthetical Comment/P|General Footnote/G|Footnote Explaining a Hebrew Name/o|Footnote Explaining a Biblical Unit of Measurement/M|Cross Reference Footnote/C|Study Footnote/S|Devotional Footnote/D|Questionable Text/Q|Prepose Short Sentence/r|Postpose Short Sentence/p|","Not Applicable/N|First in Book/F|Last in Book/L|First in Paragraph/f|Last in Paragraph/l|Discourse Title/T|Parenthetical Comment/P|General Footnote/G|Footnote Explaining a Hebrew Name/o|Footnote Explaining a Biblical Unit of Measurement/M|Cross Reference Footnote/C|Study Footnote/S|Devotional Footnote/D|Questionable Text/Q|Prepose Short Sentence/r|Postpose Short Sentence/p|",258,"||||||",,"16",0
112,105,"Implicit Information","Implicit Information","Not Applicable/N|Implicit Cultural Information/C|Implicit Situational Information/S|Implicit Historical Information/H|Implicit Background Information/B|Implicit Subactions/s|Implicit Argument/A|","Not Applicable/N|Implicit Cultural Information/C|Implicit Situational Information/S|Implicit Historical Information/H|Implicit Background Information/B|Implicit Subactions/s|Implicit Argument/A|",160,,,"7",0
116,105,"Spare 3","Spare 3","Unspecified/.|","Unspecified/.|",0,,,"0",1
121,105,"Spare 8","Spare 8","Unspecified/.|","Unspecified/.|",0,,,"0",1
122,105,"Spare 9","Spare 9","Unspecified/.|","Unspecified/.|",0,,,"0",1
123,105,"Spare 10","Spare 10","Unspecified/.|","Unspecified/.|",0,,,"0",1
124,105,"Spare 11","Spare 11","Unspecified/.|","Unspecified/.|",0,,,"0",1
125,105,"Spare 12","Spare 12","Unspecified/.|","Unspecified/.|",0,,,"0",1
126,105,"Spare 13","Spare 13","Unspecified/.|","Unspecified/.|",0,,,"0",1
127,105,"Spare 14","Spare 14","Unspecified/.|","Unspecified/.|",0,,,"0",1
128,105,"Spare 15","Spare 15","Unspecified/.|","Unspecified/.|",0,,,"0",1
24,2,"Target Aspect","Target Aspect","Inceptive/N|Completive/C|Cessative/c|Continuative/o|Imperfective/I|Routinely/R|Habitual/H|Gnomic/G|Unmarked/U|Unspecified/.|","Inceptive/N|Completive/C|Cessative/c|Continuative/o|Imperfective/I|Routinely/R|Habitual/H|Gnomic/G|Unmarked/U|Unspecified/.|",110,"John started walking.|John finished walking.|John stopped walking.|John continued walking.|John was walking.|John walked.|John regularly walked.|Oil floats on water.|","John started walking.|John finished walking.|John stopped walking.|John continued walking.|John was walking.|John walked.|John regularly walked.|Oil floats on water.|","9",0
25,2,"Target Mood","Target Mood","Indicative/I|Definite Potential/a|Probable Potential/b|'might' Potential/c|'might not' Potential/j|Unlikely Potential/d|Impossible Potential/e|'must' Obligation/f|'should' Obligation/g|'should not' Obligation/h|Forbidden Obligation/i|'may' (permissive)/l|Unspecified/.|","Indicative/I|Definite Potential/a|Probable Potential/b|'might' Potential/c|'might not' Potential/j|Unlikely Potential/d|Impossible Potential/e|'must' Obligation/f|'should' Obligation/g|'should not' Obligation/h|Forbidden Obligation/i|'may' (permissive)/l|Unspecified/.|",130,,,"12",0
32,2,"Spare 7","Spare 7","Unspecified/.|","Unspecified/.|",0,,,"0",1
69,101,"Thing-Thing Relationship","Thing-Thing Relationship","Unspecified/.|Not Applicable/N|","Unspecified/.|Not Applicable/N|",178,,,"0",0
77,101,"Spare 7","Spare 7","Unspecified/.|","Unspecified/.|",0,,,"0",1
78,101,"Spare 8","Spare 8","Unspecified/.|","Unspecified/.|",0,,,"0",1
86,103,"Usage","Usage","Attributive/A|Predicative/P|","Attributive/A|Predicative/P|",80,"||John read <BLD>one of<> your books.  (precedes articles, possessors, etc.)|",,"2",0
117,105,"Spare 4","Spare 4","Unspecified/.|","Unspecified/.|",0,,,"0",1
119,105,"Spare 6","Spare 6","Unspecified/.|","Unspecified/.|",0,,,"0",1
120,105,"Spare 7","Spare 7","Unspecified/.|","Unspecified/.|",0,,,"0",1
118,105,"Spare 5","Spare 5","Unspecified/.|","Unspecified/.|",0,,,"0",1
23,2,"Target Tense & Form","Target Tense & Form","Unspecified/.|","Unspecified/.|",130,,,"1",0
22,2,"Adjective Degree","Adjective Degree","No Degree/N|Comparative/C|Superlative/S|Intensified/I|Extremely Intensified/E|'too'/T|'less'/L|'least'/l|","No Degree/N|Comparative/C|Superlative/S|Intensified/I|Extremely Intensified/E|'too'/T|'less'/L|'least'/l|",110,"the <BLD>big<> dog|the <BLD>bigger<> dog|the <BLD>biggest<> dog|the <BLD>very<> big dog|the <BLD>extremely<> big dog|That dog is <BLD>too<> big.|That book is <BLD>less important<> than this book.|That book is the <BLD>least important<> book.|","the <BLD>big<> dog|the <BLD>bigger<> dog|the <BLD>biggest<> dog|the <BLD>very<> big dog|the <BLD>extremely<> big dog|That dog is <BLD>too<> big.|That book is <BLD>less important<> than this book.|That book is the <BLD>least important<> book.|","8",0
34,3,"Degree","Degree","No Degree/N|Comparative/C|Superlative/S|Intensified/I|Extremely Intensified/E|'too'/T|'less'/L|'least'/l|Equality/q|Intensified Comparative/i|Superlative of 2 items/s|","No Degree/N|Comparative/C|Superlative/S|Intensified/I|Extremely Intensified/E|'too'/T|'less'/L|'least'/l|Equality/q|Intensified Comparative/i|Superlative of 2 items/s|",184,"the <BLD>big<> dog|the <BLD>bigger<> dog|the <BLD>biggest<> dog|the <BLD>very<> big dog|the <BLD>extremely<> big dog|That dog is <BLD>too<> big.|That book is <BLD>less<> important than this book.|That book is the <BLD>least<> important book.|That book is <BLD>as good as<> this book.|That dog is <BLD>much<> bigger than this dog.|the <BLD>older,oldest<> boy|","the <BLD>big<> dog|the <BLD>bigger<> dog|the <BLD>biggest<> dog|the <BLD>very<> big dog|the <BLD>extremely<> big dog|That dog is <BLD>too<> big.|That book is <BLD>less<> important than this book.|That book is the <BLD>least<> important book.|That book is <BLD>as good as<> this book.|That dog is <BLD>much<> bigger than this dog.|the <BLD>older,oldest<> boy|","11",0
114,105,"Vocabulary Alternate","Vocabulary Alternate","Not Applicable/N|Single Sentence - Complex Vocabulary Alternate/V|First Sentence - Complex Vocabulary Alternate/F|Last Sentence - Complex Vocabulary Alternate/L|Coordinate Sentence - Complex Vocabulary Alternate/C|Single Sentence - Simple Vocabulary Alternate/s|First Sentence - Simple Vocabulary Alternate/f|Last Sentence - Simple Vocabulary Alternate/l|Coordinate Sentence - Simple Vocabulary Alternate/c|","Not Applicable/N|Single Sentence - Complex Vocabulary Alternate/V|First Sentence - Complex Vocabulary Alternate/F|Last Sentence - Complex Vocabulary Alternate/L|Coordinate Sentence - Complex Vocabulary Alternate/C|Single Sentence - Simple Vocabulary Alternate/s|First Sentence - Simple Vocabulary Alternate/f|Last Sentence - Simple Vocabulary Alternate/l|Coordinate Sentence - Simple Vocabulary Alternate/c|",274,"||||||||||",,"9",0
7,1,"Surface Realization","Surface Realization","Noun/N|Always a Noun/A|PRO/p|Personal Pronoun/P|","Noun/N|Always a Noun/A|PRO/p|Personal Pronoun/P|",120,"||Syntactically active but phonetically null.|","||Syntactically active but phonetically null.|","4",0
71,101,"Spare 1","Spare 1","Unspecified/.|","Unspecified/.|",0,,,"0",1
103,105,"Speaker`s Attitude","Speaker`s Attitude","Not Applicable/N|Neutral/n|Familiar/F|Endearing/E|Polite/P|Honorable/H|Friendly/f|Complimentary/C|Derogatory/D|Antagonistic-Hostile/A|Anger/a|Rebuke/R|Imploring/I|","Not Applicable/N|Neutral/n|Familiar/F|Endearing/E|Polite/P|Honorable/H|Friendly/f|Complimentary/C|Derogatory/D|Antagonistic-Hostile/A|Anger/a|Rebuke/R|Imploring/I|",100,"|||||||||||||||",,"13",1
115,105,"Rhetorical Question","Rhetorical Question","Not Applicable/N|Content Question/Q|Yes-No Question Expects 'Yes'/Y|Yes-No Question Expects 'No'/n|Equivalent Statement/S|","Not Applicable/N|Content Question/Q|Yes-No Question Expects 'Yes'/Y|Yes-No Question Expects 'No'/n|Equivalent Statement/S|",170,"|||||",,"5",0
6,1,"Person","Person","First/1|Second/2|Third/3|First Inclusive/A|First Exclusive/B|First as Third/F|Second as Third/S|First Inclusive as Third/I|First Exclusive as Third/E|","First/1|Second/2|Third/3|First Inclusive/A|First Exclusive/B|First as Third/F|Second as Third/S|First Inclusive as Third/I|First Exclusive as Third/E|",120,"|||||This is used when a person refers to himself in the third person (e.g., You will see the Son of Man coming ...)|This is used when a person refers to the listener in the third person (e.g., Does my Lord have a message for me?)||Joshua 9:9 ""We, your servants, have come ...""|","|||||This is used when a person refers to himself in the third person (e.g., You will see the Son of Man coming ...)|This is used when a person refers to the listener in the third person (e.g., Does my Lord have a message for me?)|Joshua 9:9 'We, your servants, have come ...'||","12",0
51,6,"Implicit","Implicit","No/.|Yes/Y|","No/.|Yes/Y|",100,"||",,"2",0
80,102,"Implicit","Implicit","No/.|Yes/Y|","No/.|Yes/Y|",100,"||",,"2",0
113,105,"Alternative Analysis","Alternative Analysis","Not Applicable/N|Primary Analysis/P|First Alternative Analysis/A|Second Alternative Analysis/B|Third Alternative Analysis/C|Fourth Alternative Analysis/D|Fifth Alternative Analysis/E|Literal Alternate/L|Dynamic Alternate/d|Biblical Units/b|Contemporary Units/c|","Not Applicable/N|Primary Analysis/P|First Alternative Analysis/A|Second Alternative Analysis/B|Third Alternative Analysis/C|Fourth Alternative Analysis/D|Fifth Alternative Analysis/E|Literal Alternate/L|Dynamic Alternate/d|Biblical Units/b|Contemporary Units/c|",150,"|||||||||||",,"10",0
102,105,"Listener","Listener","Not Applicable/0|Adult Daughter/A|Adult Son/B|Angel/C|Animal/D|Boy/E|Brother/k|Crowd/F|Daughter/g|Demon/G|Disciple/H|Employee/I|Employer/J|Father/K|Girl/L|God/M|Government Leader/N|Government Official/O|Group of Friends/j|Holy Spirit/P|Husband/Q|Jesus/R|King/S|Man/T|Military Leader/U|Mother/V|Prophet/W|Queen/X|Religious Leader/Y|Satan/Z|Servant/f|Sister/l|Slave/a|Slave Owner/b|Soldier/c|Son/h|Wife/d|Woman/e|Nature (wind, waves)/m|","Not Applicable/0|Adult Daughter/A|Adult Son/B|Angel/C|Animal/D|Boy/E|Brother/k|Crowd/F|Daughter/g|Demon/G|Disciple/H|Employee/I|Employer/J|Father/K|Girl/L|God/M|Government Leader/N|Government Official/O|Group of Friends/j|Holy Spirit/P|Husband/Q|Jesus/R|King/S|Man/T|Military Leader/U|Mother/V|Prophet/W|Queen/X|Religious Leader/Y|Satan/Z|Servant/f|Sister/l|Slave/a|Slave Owner/b|Soldier/c|Son/h|Wife/d|Woman/e|Nature (wind, waves)/m|",158,"||||||||||||||||||||||||||||||||",,"62",1
93,104,"Implicit","Implicit","No/.|Yes/Y|","No/.|Yes/Y|",100,,,"2",0
8,1,"Participant Status","Participant Status","Not Applicable/N|Protagonist/P|Antagonist/A|Major Participant/M|Minor Participant/m|Major Prop/p|Minor Prop/r|Significant Location/L|Insignificant Location/l|Significant Time/T|Emphasized/E|","Not Applicable/N|Protagonist/P|Antagonist/A|Major Participant/M|Minor Participant/m|Major Prop/p|Minor Prop/r|Significant Location/L|Insignificant Location/l|Significant Time/T|Emphasized/E|",116,"|||||||||||",,"11",0
87,103,"Implicit","Implicit","No/.|Yes/Y|","No/.|Yes/Y|",100,,,"2",0
